{"cameraMode":{"drawMode":0,"name":"Shaded","section":"Shading Mode"},"sceneLighting":true,"audioPlay":false,"sceneViewState":{"showFog":true,"showMaterialUpdate":true,"showSkybox":true,"showFlares":true,"showImageEffects":true,"showParticleSystems":true},"in2DMode":false,"pivot":{"x":0.07317733764648438,"y":0.4208493232727051,"z":0.43961095809936526},"rotation":{"x":-0.23794056475162507,"y":0.3876643478870392,"z":-0.1042952761054039,"w":-0.8844338059425354},"size":5.295679092407227,"orthographic":false}