{"cameraMode":{"drawMode":0,"name":"Shaded","section":"Shading Mode"},"sceneLighting":true,"audioPlay":false,"sceneViewState":{"showFog":true,"showMaterialUpdate":true,"showSkybox":true,"showFlares":true,"showImageEffects":true,"showParticleSystems":true},"in2DMode":false,"pivot":{"x":-2.4371230602264406,"y":-0.12682342529296876,"z":-0.7312135696411133},"rotation":{"x":-0.045298345386981967,"y":0.9546780586242676,"z":-0.21129103004932404,"w":-0.2046801894903183},"size":5.3762664794921879,"orthographic":false}