{"cameraMode":{"drawMode":0,"name":"Shaded","section":"Shading Mode"},"sceneLighting":true,"audioPlay":false,"sceneViewState":{"showFog":true,"showMaterialUpdate":true,"showSkybox":true,"showFlares":true,"showImageEffects":true,"showParticleSystems":true},"in2DMode":false,"pivot":{"x":-1.511256217956543,"y":-1.5968117713928223,"z":0.5499086380004883},"rotation":{"x":-0.09533258527517319,"y":0.9006972312927246,"z":-0.3408885598182678,"w":-0.25189536809921267},"size":9.665717124938965,"orthographic":false}